# owner_label must be one of: TRUE_NEW_IDENTITY | EXISTING_IDENTITY | VARIANT_TRIM_CODE | AMBIGUOUS. analyst_note is a machine-assisted NOTE, never ground truth; do not calibrate CREATE permission from it.
provider,external_id,brand,name,proposed_canonical_id,proposed_canonical_name,first_seen,last_seen,lifetime_units,last12_units,activity_class_informational,nearest_existing_identities,relation_evidence,legacy_r6_candidate,lineage_state,retired_aliases_in_plan,shape_flags,evidence_tier,evidence_kinds,machine_decision,reason_codes,analyst_note,owner_label,owner_comment
ice,jaecoo-jaecoo-j6,JAECOO,Jaecoo J6,jaecoo.j6,J6,2567-12,2569-09,8659,6848,RECENT_DISCOVERY,none above zero overlap,none (no non-contradictory relation to any TDR model or other Ice group),none,no id_changes event and no R6 redirect,,none fired,0,PROVIDER_IDENTITY,CREATE_IDENTITY / NEW_IDENTITY_CONFIRMED,NEW_IDENTITY_CONFIRMED,,,
ice,zeekr-zeekr-7x,ZEEKR,Zeekr 7X,zeekr.7x,7X,2568-09,2569-09,2892,2867,RECENT_DISCOVERY,none above zero overlap,none (no non-contradictory relation to any TDR model or other Ice group),"PROPOSED zeekr.zeekr_x (NAME, score 0.6667)",no id_changes event and no R6 redirect,,none fired,0,PROVIDER_IDENTITY,CREATE_IDENTITY / NEW_IDENTITY_CONFIRMED,NEW_IDENTITY_CONFIRMED,,,
ice,foton-eview,FOTON,Foton eView,foton.eview,eView,2569-08,2569-09,144,144,RECENT_DISCOVERY,none above zero overlap,none (no non-contradictory relation to any TDR model or other Ice group),none,RENAME:foton-eviewconnect__provisional>foton-eview; R6_REDIRECT:foton-eviewconnect__provisional>foton-eview(RENAME),foton-eviewconnect__provisional,none fired,0,PROVIDER_IDENTITY,CREATE_IDENTITY / NEW_IDENTITY_CONFIRMED,NEW_IDENTITY_CONFIRMED,,,
ice,bmw-bmw-m3,BMW,BMW M3,bmw.m3,M3,2564-05,2569-09,639,117,ACTIVE_ESTABLISHED,none above zero overlap,none (no non-contradictory relation to any TDR model or other Ice group),"PROPOSED bmw.xm (NAME, score 0.5)",no id_changes event and no R6 redirect,,none fired,0,PROVIDER_IDENTITY,CREATE_IDENTITY / NEW_IDENTITY_CONFIRMED,NEW_IDENTITY_CONFIRMED,SUSPECT_VARIANT: performance variant of 3 Series; owner decision whether TDR models M cars separately,,
ice,bmw-bmw-m2,BMW,BMW M2,bmw.m2,M2,2564-01,2569-09,300,69,ACTIVE_ESTABLISHED,none above zero overlap,none (no non-contradictory relation to any TDR model or other Ice group),"PROPOSED bmw.ix2 (NAME, score 0.4)",no id_changes event and no R6 redirect,,none fired,0,PROVIDER_IDENTITY,CREATE_IDENTITY / NEW_IDENTITY_CONFIRMED,NEW_IDENTITY_CONFIRMED,SUSPECT_VARIANT: performance variant of 2 Series; owner decision whether TDR models M cars separately,,
ice,bmw-bmw-m4,BMW,BMW M4,bmw.m4,M4,2564-01,2569-09,147,32,ACTIVE_ESTABLISHED,none above zero overlap,none (no non-contradictory relation to any TDR model or other Ice group),"PROPOSED bmw.z4 (NAME, score 0.5)",no id_changes event and no R6 redirect,,none fired,0,PROVIDER_IDENTITY,CREATE_IDENTITY / NEW_IDENTITY_CONFIRMED,NEW_IDENTITY_CONFIRMED,SUSPECT_VARIANT: performance variant of 4 Series; owner decision whether TDR models M cars separately,,
ice,subaru-subaru-wrx,SUBARU,Subaru WRX,subaru.wrx,WRX,2564-01,2569-09,80,11,ACTIVE_ESTABLISHED,none above zero overlap,none (no non-contradictory relation to any TDR model or other Ice group),none,no id_changes event and no R6 redirect,,none fired,0,PROVIDER_IDENTITY,CREATE_IDENTITY / NEW_IDENTITY_CONFIRMED,NEW_IDENTITY_CONFIRMED,,,
ice,seres-seres-ec31,SERES,Seres EC31,seres.ec31,EC31,2566-12,2569-08,73,11,ACTIVE_ESTABLISHED,none above zero overlap,none (no non-contradictory relation to any TDR model or other Ice group),"PROPOSED seres.seres_3 (NAME, score 0.4)",no id_changes event and no R6 redirect,,none fired,0,PROVIDER_IDENTITY,CREATE_IDENTITY / NEW_IDENTITY_CONFIRMED,NEW_IDENTITY_CONFIRMED,,,
ice,volt-volt-volt,VOLT,VOLT Volt,volt.volt,Volt,2566-06,2569-06,484,9,DORMANT_LEGACY,none above zero overlap,none (no non-contradictory relation to any TDR model or other Ice group),"PROPOSED volt.volt_for_four (SERIES, score 0.9891)",no id_changes event and no R6 redirect,,none fired,0,PROVIDER_IDENTITY,CREATE_IDENTITY / NEW_IDENTITY_CONFIRMED,NEW_IDENTITY_CONFIRMED,,,
ice,chevrolet-chevrolet-corvette,CHEVROLET,Chevrolet Corvette,chevrolet.corvette,Corvette,2564-03,2569-08,82,9,DORMANT_LEGACY,none above zero overlap,none (no non-contradictory relation to any TDR model or other Ice group),none,no id_changes event and no R6 redirect,,none fired,0,PROVIDER_IDENTITY,CREATE_IDENTITY / NEW_IDENTITY_CONFIRMED,NEW_IDENTITY_CONFIRMED,,,
ice,nissan-nissan-fairlady,NISSAN,Nissan Fairlady,nissan.fairlady,Fairlady,2566-04,2569-08,31,9,DORMANT_LEGACY,none above zero overlap,none (no non-contradictory relation to any TDR model or other Ice group),"PROPOSED nissan.almera (NAME, score 0.4286)",no id_changes event and no R6 redirect,,none fired,0,PROVIDER_IDENTITY,CREATE_IDENTITY / NEW_IDENTITY_CONFIRMED,NEW_IDENTITY_CONFIRMED,,,
ice,toyota-vios,TOYOTA,Vios,toyota.vios,Vios,2564-01,2569-05,6647,8,DORMANT_LEGACY,none above zero overlap,none (no non-contradictory relation to any TDR model or other Ice group),"PROPOSED toyota.yaris (NAME, score 0.4444)",no id_changes event and no R6 redirect,,none fired,0,PROVIDER_IDENTITY,CREATE_IDENTITY / NEW_IDENTITY_CONFIRMED,NEW_IDENTITY_CONFIRMED,,,
ice,bentley-bentley-continental,BENTLEY,Bentley Continental,bentley.continental,Continental,2564-01,2569-09,117,8,DORMANT_LEGACY,none above zero overlap,none (no non-contradictory relation to any TDR model or other Ice group),"PROPOSED bentley.bentayga (NAME, score 0.4211)",no id_changes event and no R6 redirect,,none fired,0,PROVIDER_IDENTITY,CREATE_IDENTITY / NEW_IDENTITY_CONFIRMED,NEW_IDENTITY_CONFIRMED,,,
ice,honda-honda-n-box,HONDA,Honda N-BOX,honda.n_box,N-BOX,2564-02,2569-09,71,7,DORMANT_LEGACY,none above zero overlap,SUBJECT:honda-n-one-rs-spoon__provisional=SIBLING; SUBJECT:honda-n-one-rs__provisional=SIBLING; SUBJECT:honda-n-one__provisional=SIBLING,none,no id_changes event and no R6 redirect,,none fired,0,PROVIDER_IDENTITY,CREATE_IDENTITY / NEW_IDENTITY_CONFIRMED,NEW_IDENTITY_CONFIRMED,,,
ice,honda-prelude,HONDA,Prelude,honda.prelude,Prelude,2569-02,2569-09,7,7,DORMANT_LEGACY,none above zero overlap,none (no non-contradictory relation to any TDR model or other Ice group),none,no id_changes event and no R6 redirect,,none fired,0,PROVIDER_IDENTITY,CREATE_IDENTITY / NEW_IDENTITY_CONFIRMED,NEW_IDENTITY_CONFIRMED,,,
ice,toyota-toyota-sienta,TOYOTA,Toyota Sienta,toyota.sienta,Sienta,2564-01,2569-08,2645,6,DORMANT_LEGACY,none above zero overlap,none (no non-contradictory relation to any TDR model or other Ice group),"PROPOSED toyota.hiace (NAME, score 0.3636)",no id_changes event and no R6 redirect,,none fired,0,PROVIDER_IDENTITY,CREATE_IDENTITY / NEW_IDENTITY_CONFIRMED,NEW_IDENTITY_CONFIRMED,,,
ice,toyota-toyota-tr,TOYOTA,Toyota TR,toyota.tr,TR,2564-01,2569-04,250,6,DORMANT_LEGACY,none above zero overlap,none (no non-contradictory relation to any TDR model or other Ice group),"PROPOSED toyota.commuter (NAME, score 0.4)",no id_changes event and no R6 redirect,,none fired,0,PROVIDER_IDENTITY,CREATE_IDENTITY / NEW_IDENTITY_CONFIRMED,NEW_IDENTITY_CONFIRMED,SUSPECT_TRUNCATED: two-letter name; unclear nameplate,,
ice,suzuki-suzuki-spacia,SUZUKI,Suzuki Spacia,suzuki.spacia,Spacia,2564-01,2569-06,78,6,DORMANT_LEGACY,none above zero overlap,none (no non-contradictory relation to any TDR model or other Ice group),"PROPOSED suzuki.swift (NAME, score 0.3636)",no id_changes event and no R6 redirect,,none fired,0,PROVIDER_IDENTITY,CREATE_IDENTITY / NEW_IDENTITY_CONFIRMED,NEW_IDENTITY_CONFIRMED,,,
ice,tata-tata-xenon,TATA,TATA Xenon,tata.xenon,Xenon,2564-01,2569-05,76,6,DORMANT_LEGACY,none above zero overlap,none (no non-contradictory relation to any TDR model or other Ice group),none,no id_changes event and no R6 redirect,,none fired,0,PROVIDER_IDENTITY,CREATE_IDENTITY / NEW_IDENTITY_CONFIRMED,NEW_IDENTITY_CONFIRMED,,,
ice,daihatsu-daihatsu-move,DAIHATSU,Daihatsu Move,daihatsu.move,Move,2564-08,2569-08,41,6,DORMANT_LEGACY,none above zero overlap,none (no non-contradictory relation to any TDR model or other Ice group),none,no id_changes event and no R6 redirect,,none fired,0,PROVIDER_IDENTITY,CREATE_IDENTITY / NEW_IDENTITY_CONFIRMED,NEW_IDENTITY_CONFIRMED,,,
ice,rolls-royce-rolls-royce-spectre,ROLLS ROYCE,Rolls-Royce Spectre,rolls_royce.spectre,Spectre,2567-03,2569-07,17,6,DORMANT_LEGACY,none above zero overlap,none (no non-contradictory relation to any TDR model or other Ice group),none,no id_changes event and no R6 redirect,,none fired,0,PROVIDER_IDENTITY,CREATE_IDENTITY / NEW_IDENTITY_CONFIRMED,NEW_IDENTITY_CONFIRMED,,,
ice,honda-jazz,HONDA,Jazz,honda.jazz,Jazz,2564-01,2569-08,13790,5,DORMANT_LEGACY,none above zero overlap,none (no non-contradictory relation to any TDR model or other Ice group),none,no id_changes event and no R6 redirect,,none fired,0,PROVIDER_IDENTITY,CREATE_IDENTITY / NEW_IDENTITY_CONFIRMED,NEW_IDENTITY_CONFIRMED,SUSPECT_ALIAS: Jazz and Fit are one car; honda-fit is also a CREATE (a model-synonym table is missing),,
ice,peugeot-peugeot-408,PEUGEOT,Peugeot 408,peugeot.408,408,2567-10,2569-08,79,5,DORMANT_LEGACY,none above zero overlap,none (no non-contradictory relation to any TDR model or other Ice group),"PROPOSED peugeot.peugeot_3008 (NAME, score 0.5714)",no id_changes event and no R6 redirect,,none fired,0,PROVIDER_IDENTITY,CREATE_IDENTITY / NEW_IDENTITY_CONFIRMED,NEW_IDENTITY_CONFIRMED,,,
ice,nissan-leaf,NISSAN,Leaf,nissan.leaf,Leaf,2564-01,2569-08,237,4,DORMANT_LEGACY,none above zero overlap,none (no non-contradictory relation to any TDR model or other Ice group),"PROPOSED nissan.terra (NAME, score 0.4444)",no id_changes event and no R6 redirect,,none fired,0,PROVIDER_IDENTITY,CREATE_IDENTITY / NEW_IDENTITY_CONFIRMED,NEW_IDENTITY_CONFIRMED,,,
ice,ferrari-ferrari-purosangue,FERRARI,Ferrari Purosangue,ferrari.purosangue,Purosangue,2567-03,2569-09,23,4,DORMANT_LEGACY,none above zero overlap,none (no non-contradictory relation to any TDR model or other Ice group),"PROPOSED ferrari.roma (NAME, score 0.4286)",no id_changes event and no R6 redirect,,none fired,0,PROVIDER_IDENTITY,CREATE_IDENTITY / NEW_IDENTITY_CONFIRMED,NEW_IDENTITY_CONFIRMED,,,
ice,daihatsu-daihatsu-copen,DAIHATSU,Daihatsu Copen,daihatsu.copen,Copen,2565-12,2569-08,22,4,DORMANT_LEGACY,none above zero overlap,none (no non-contradictory relation to any TDR model or other Ice group),none,no id_changes event and no R6 redirect,,none fired,0,PROVIDER_IDENTITY,CREATE_IDENTITY / NEW_IDENTITY_CONFIRMED,NEW_IDENTITY_CONFIRMED,,,
ice,rolls-royce-rolls-royce-phantom,ROLLS ROYCE,Rolls-Royce Phantom,rolls_royce.phantom,Phantom,2564-01,2569-09,14,4,DORMANT_LEGACY,none above zero overlap,none (no non-contradictory relation to any TDR model or other Ice group),none,no id_changes event and no R6 redirect,,none fired,0,PROVIDER_IDENTITY,CREATE_IDENTITY / NEW_IDENTITY_CONFIRMED,NEW_IDENTITY_CONFIRMED,,,
ice,lamborghini-lamborghini-temerario,LAMBORGHINI,Lamborghini Temerario,lamborghini.temerario,Temerario,2569-07,2569-08,4,4,DORMANT_LEGACY,none above zero overlap,none (no non-contradictory relation to any TDR model or other Ice group),none,no id_changes event and no R6 redirect,,none fired,0,PROVIDER_IDENTITY,CREATE_IDENTITY / NEW_IDENTITY_CONFIRMED,NEW_IDENTITY_CONFIRMED,,,
ice,rolls-royce-rolls-royce-cullinan,ROLLS ROYCE,Rolls-Royce Cullinan,rolls_royce.cullinan,Cullinan,2564-01,2569-08,36,3,DORMANT_LEGACY,none above zero overlap,none (no non-contradictory relation to any TDR model or other Ice group),none,no id_changes event and no R6 redirect,,none fired,0,PROVIDER_IDENTITY,CREATE_IDENTITY / NEW_IDENTITY_CONFIRMED,NEW_IDENTITY_CONFIRMED,,,
ice,mclaren-mclaren-artura,MCLAREN,Mclaren Artura,mclaren.artura,Artura,2566-01,2569-08,29,3,DORMANT_LEGACY,none above zero overlap,none (no non-contradictory relation to any TDR model or other Ice group),none,no id_changes event and no R6 redirect,,none fired,0,PROVIDER_IDENTITY,CREATE_IDENTITY / NEW_IDENTITY_CONFIRMED,NEW_IDENTITY_CONFIRMED,,,
ice,volkswagen-volkswagen-golf,VOLKSWAGEN,Volkswagen Golf,volkswagen.golf,Golf,2564-03,2569-09,10,3,DORMANT_LEGACY,none above zero overlap,none (no non-contradictory relation to any TDR model or other Ice group),none,no id_changes event and no R6 redirect,,none fired,0,PROVIDER_IDENTITY,CREATE_IDENTITY / NEW_IDENTITY_CONFIRMED,NEW_IDENTITY_CONFIRMED,,,
ice,honda-super-one,HONDA,Honda Super-ONE,honda.super_one,Super-ONE,2569-09,2569-09,3,3,DORMANT_LEGACY,fomm.fomm_one (FOMM One; overlap 0.33; OTHER BRAND) || tata.tata_super_ace (Tata Super Ace; overlap 0.25; OTHER BRAND),none (no non-contradictory relation to any TDR model or other Ice group),"PROPOSED honda.step_wgn (NAME, score 0.4706)",no id_changes event and no R6 redirect,,none fired,0,PROVIDER_IDENTITY,CREATE_IDENTITY / NEW_IDENTITY_CONFIRMED,NEW_IDENTITY_CONFIRMED,,,
ice,volkswagen-volkswagen-caddy,VOLKSWAGEN,Volkswagen Caddy,volkswagen.caddy,Caddy,2569-05,2569-07,3,3,DORMANT_LEGACY,none above zero overlap,none (no non-contradictory relation to any TDR model or other Ice group),none,no id_changes event and no R6 redirect,,none fired,0,PROVIDER_IDENTITY,CREATE_IDENTITY / NEW_IDENTITY_CONFIRMED,NEW_IDENTITY_CONFIRMED,,,
ice,nissan-nissan-march,NISSAN,Nissan March,nissan.march,March,2564-01,2569-08,4000,2,DORMANT_LEGACY,none above zero overlap,none (no non-contradictory relation to any TDR model or other Ice group),"PROPOSED nissan.navara_cab (NAME, score 0.4)",no id_changes event and no R6 redirect,,none fired,0,PROVIDER_IDENTITY,CREATE_IDENTITY / NEW_IDENTITY_CONFIRMED,NEW_IDENTITY_CONFIRMED,,,
ice,nissan-note,NISSAN,Nissan Note,nissan.note,Note,2564-01,2569-08,3667,2,DORMANT_LEGACY,none above zero overlap,none (no non-contradictory relation to any TDR model or other Ice group),"PROPOSED nissan.terra (NAME, score 0.4444)",RENAME:NISSAN|NOTE>nissan-note; R6_REDIRECT:NISSAN|NOTE>nissan-note(RENAME),NISSAN|NOTE,none fired,0,PROVIDER_IDENTITY,CREATE_IDENTITY / NEW_IDENTITY_CONFIRMED,NEW_IDENTITY_CONFIRMED,,,
ice,honda-honda-stepwagon,HONDA,Honda Stepwagon,honda.stepwagon,Stepwagon,2564-03,2569-04,73,2,DORMANT_LEGACY,none above zero overlap,none (no non-contradictory relation to any TDR model or other Ice group),"PROPOSED honda.step_wgn (NAME, score 0.8235)",no id_changes event and no R6 redirect,,none fired,0,PROVIDER_IDENTITY,CREATE_IDENTITY / NEW_IDENTITY_CONFIRMED,NEW_IDENTITY_CONFIRMED,SUSPECT_ALIAS: TDR already holds Step WGN (honda.step_wgn); spelling variant not caught lexically,,
ice,ferrari-ferrari-portofino,FERRARI,Ferrari Portofino,ferrari.portofino,Portofino,2564-03,2569-06,21,2,DORMANT_LEGACY,none above zero overlap,none (no non-contradictory relation to any TDR model or other Ice group),none,no id_changes event and no R6 redirect,,none fired,0,PROVIDER_IDENTITY,CREATE_IDENTITY / NEW_IDENTITY_CONFIRMED,NEW_IDENTITY_CONFIRMED,,,
ice,maserati-maserati-quattroporte,MASERATI,Maserati Quattroporte,maserati.quattroporte,Quattroporte,2564-01,2569-09,12,2,DORMANT_LEGACY,none above zero overlap,none (no non-contradictory relation to any TDR model or other Ice group),none,no id_changes event and no R6 redirect,,none fired,0,PROVIDER_IDENTITY,CREATE_IDENTITY / NEW_IDENTITY_CONFIRMED,NEW_IDENTITY_CONFIRMED,,,
ice,honda-honda-acty,HONDA,Honda Acty,honda.acty,Acty,2565-02,2569-03,7,2,DORMANT_LEGACY,none above zero overlap,none (no non-contradictory relation to any TDR model or other Ice group),"PROPOSED honda.city (NAME, score 0.75)",no id_changes event and no R6 redirect,,none fired,0,PROVIDER_IDENTITY,CREATE_IDENTITY / NEW_IDENTITY_CONFIRMED,NEW_IDENTITY_CONFIRMED,,,
ice,honda-honda-fit,HONDA,Honda FIT,honda.fit,FIT,2568-11,2569-02,2,2,DORMANT_LEGACY,none above zero overlap,none (no non-contradictory relation to any TDR model or other Ice group),"PROPOSED honda.city (NAME, score 0.5714)",no id_changes event and no R6 redirect,,none fired,0,PROVIDER_IDENTITY,CREATE_IDENTITY / NEW_IDENTITY_CONFIRMED,NEW_IDENTITY_CONFIRMED,SUSPECT_ALIAS: Jazz and Fit are one car; honda-jazz is also a CREATE,,
ice,toyota-toyota-roomy,TOYOTA,Toyota Roomy,toyota.roomy,Roomy,2568-10,2569-03,2,2,DORMANT_LEGACY,none above zero overlap,none (no non-contradictory relation to any TDR model or other Ice group),"PROPOSED toyota.camry (NAME, score 0.4)",no id_changes event and no R6 redirect,,none fired,0,PROVIDER_IDENTITY,CREATE_IDENTITY / NEW_IDENTITY_CONFIRMED,NEW_IDENTITY_CONFIRMED,,,
ice,volkswagen-vw-tiguan,VOLKSWAGEN,VW Tiguan,volkswagen.tiguan,Tiguan,2568-10,2568-10,2,2,DORMANT_LEGACY,none above zero overlap,none (no non-contradictory relation to any TDR model or other Ice group),none,no id_changes event and no R6 redirect,,none fired,0,PROVIDER_IDENTITY,CREATE_IDENTITY / NEW_IDENTITY_CONFIRMED,NEW_IDENTITY_CONFIRMED,,,
ice,chevrolet-trailblazer,CHEVROLET,Chevrolet Trailblazer,chevrolet.trailblazer,Trailblazer,2564-01,2568-10,88,1,DORMANT_LEGACY,none above zero overlap,none (no non-contradictory relation to any TDR model or other Ice group),none,RENAME:CHEVROLET|TRAILBLAZER>chevrolet-trailblazer; R6_REDIRECT:CHEVROLET|TRAILBLAZER>chevrolet-trailblazer(RENAME),CHEVROLET|TRAILBLAZER,none fired,0,PROVIDER_IDENTITY,CREATE_IDENTITY / NEW_IDENTITY_CONFIRMED,NEW_IDENTITY_CONFIRMED,,,
ice,jac-t8,JAC,JAC T8,jac.t8,T8,2566-09,2568-12,73,1,DORMANT_LEGACY,none above zero overlap,none (no non-contradictory relation to any TDR model or other Ice group),none,RENAME:JAC|EVO T8>jac-t8; R6_REDIRECT:JAC|EVO T8>jac-t8(RENAME),JAC|EVO T8,none fired,0,PROVIDER_IDENTITY,CREATE_IDENTITY / NEW_IDENTITY_CONFIRMED,NEW_IDENTITY_CONFIRMED,,,
ice,maserati-maserati-ghibli,MASERATI,Maserati Ghibli,maserati.ghibli,Ghibli,2564-01,2569-04,68,1,DORMANT_LEGACY,none above zero overlap,none (no non-contradictory relation to any TDR model or other Ice group),none,no id_changes event and no R6 redirect,,none fired,0,PROVIDER_IDENTITY,CREATE_IDENTITY / NEW_IDENTITY_CONFIRMED,NEW_IDENTITY_CONFIRMED,,,
ice,jeep-jeep-gladiator,JEEP,JEEP Gladiator,jeep.gladiator,Gladiator,2564-01,2569-05,50,1,DORMANT_LEGACY,none above zero overlap,none (no non-contradictory relation to any TDR model or other Ice group),"PROPOSED jeep.wrangler (NAME, score 0.3529)",no id_changes event and no R6 redirect,,none fired,0,PROVIDER_IDENTITY,CREATE_IDENTITY / NEW_IDENTITY_CONFIRMED,NEW_IDENTITY_CONFIRMED,,,
ice,ferrari-ferrari-488,FERRARI,Ferrari 488,ferrari.488,488,2564-01,2569-03,35,1,DORMANT_LEGACY,none above zero overlap,none (no non-contradictory relation to any TDR model or other Ice group),"PROPOSED ferrari.f8 (NAME, score 0.4)",no id_changes event and no R6 redirect,,none fired,0,PROVIDER_IDENTITY,CREATE_IDENTITY / NEW_IDENTITY_CONFIRMED,NEW_IDENTITY_CONFIRMED,,,
ice,honda-brio,HONDA,Brio,honda.brio,Brio,2564-02,2569-08,31,1,DORMANT_LEGACY,none above zero overlap,none (no non-contradictory relation to any TDR model or other Ice group),"PROPOSED honda.mobilio (NAME, score 0.5455)",no id_changes event and no R6 redirect,,none fired,0,PROVIDER_IDENTITY,CREATE_IDENTITY / NEW_IDENTITY_CONFIRMED,NEW_IDENTITY_CONFIRMED,,,
ice,ford-ford-focus,FORD,FORD Focus,ford.focus,Focus,2564-01,2569-03,29,1,DORMANT_LEGACY,none above zero overlap,none (no non-contradictory relation to any TDR model or other Ice group),none,no id_changes event and no R6 redirect,,none fired,0,PROVIDER_IDENTITY,CREATE_IDENTITY / NEW_IDENTITY_CONFIRMED,NEW_IDENTITY_CONFIRMED,,,
ice,hyundai-kona,HYUNDAI,Kona,hyundai.kona,Kona,2564-01,2569-08,19,1,DORMANT_LEGACY,none above zero overlap,none (no non-contradictory relation to any TDR model or other Ice group),"PROPOSED hyundai.ioniq5 (NAME, score 0.3636)",no id_changes event and no R6 redirect,,none fired,0,PROVIDER_IDENTITY,CREATE_IDENTITY / NEW_IDENTITY_CONFIRMED,NEW_IDENTITY_CONFIRMED,,,
ice,bmw-bmw-m5,BMW,BMW M5,bmw.m5,M5,2564-01,2569-09,18,1,DORMANT_LEGACY,none above zero overlap,none (no non-contradictory relation to any TDR model or other Ice group),"PROPOSED bmw.x5 (NAME, score 0.5)",no id_changes event and no R6 redirect,,none fired,0,PROVIDER_IDENTITY,CREATE_IDENTITY / NEW_IDENTITY_CONFIRMED,NEW_IDENTITY_CONFIRMED,SUSPECT_VARIANT: performance variant of 5 Series; owner decision whether TDR models M cars separately,,
ice,maserati-maserati-mc20,MASERATI,Maserati MC20,maserati.mc20,MC20,2565-03,2569-07,18,1,DORMANT_LEGACY,none above zero overlap,none (no non-contradictory relation to any TDR model or other Ice group),none,no id_changes event and no R6 redirect,,none fired,0,PROVIDER_IDENTITY,CREATE_IDENTITY / NEW_IDENTITY_CONFIRMED,NEW_IDENTITY_CONFIRMED,,,
ice,land-rover-land-rover-discovery,LAND ROVER,Land Rover Discovery,land_rover.discovery,Discovery,2564-06,2569-06,5,1,DORMANT_LEGACY,none above zero overlap,none (no non-contradictory relation to any TDR model or other Ice group),"PROPOSED land_rover.range_rover (NAME, score 0.4)",no id_changes event and no R6 redirect,,none fired,0,PROVIDER_IDENTITY,CREATE_IDENTITY / NEW_IDENTITY_CONFIRMED,NEW_IDENTITY_CONFIRMED,,,
ice,honda-honda-freed,HONDA,Honda Freed,honda.freed,Freed,2564-10,2569-05,4,1,DORMANT_LEGACY,none above zero overlap,none (no non-contradictory relation to any TDR model or other Ice group),"PROPOSED honda.accord (NAME, score 0.3636)",no id_changes event and no R6 redirect,,none fired,0,PROVIDER_IDENTITY,CREATE_IDENTITY / NEW_IDENTITY_CONFIRMED,NEW_IDENTITY_CONFIRMED,,,
ice,lexus-lexus-rc,LEXUS,Lexus RC,lexus.rc,RC,2564-01,2569-05,3,1,DORMANT_LEGACY,none above zero overlap,none (no non-contradictory relation to any TDR model or other Ice group),"PROPOSED lexus.lexus_rx (NAME, score 0.5)",no id_changes event and no R6 redirect,,none fired,0,PROVIDER_IDENTITY,CREATE_IDENTITY / NEW_IDENTITY_CONFIRMED,NEW_IDENTITY_CONFIRMED,,,
ice,volkswagen-volkswagen-touareg,VOLKSWAGEN,Volkswagen Touareg,volkswagen.touareg,Touareg,2565-11,2569-05,2,1,DORMANT_LEGACY,none above zero overlap,none (no non-contradictory relation to any TDR model or other Ice group),"PROPOSED volkswagen.caravelle (NAME, score 0.375)",no id_changes event and no R6 redirect,,none fired,0,PROVIDER_IDENTITY,CREATE_IDENTITY / NEW_IDENTITY_CONFIRMED,NEW_IDENTITY_CONFIRMED,,,
ice,honda-honda-amaze,HONDA,Honda Amaze,honda.amaze,Amaze,2569-03,2569-03,1,1,DORMANT_LEGACY,none above zero overlap,none (no non-contradictory relation to any TDR model or other Ice group),none,no id_changes event and no R6 redirect,,none fired,0,PROVIDER_IDENTITY,CREATE_IDENTITY / NEW_IDENTITY_CONFIRMED,NEW_IDENTITY_CONFIRMED,,,
ice,lotus-emira,LOTUS,Lotus Emira,lotus.emira,Emira,2569-09,2569-09,1,1,DORMANT_LEGACY,none above zero overlap,SUBJECT:lotus-emira-i4-first-edition__provisional=SUBJECT_COARSER; SUBJECT:lotus-emira-v6-first-edition__provisional=SUBJECT_COARSER; SUBJECT:lotus-emira-v6__provisional=SUBJECT_COARSER,"PROPOSED lotus.emeya (NAME, score 0.6)",no id_changes event and no R6 redirect,,none fired,0,PROVIDER_IDENTITY,CREATE_IDENTITY / NEW_IDENTITY_CONFIRMED,NEW_IDENTITY_CONFIRMED,,,
ice,suzuki-grand-vitara,SUZUKI,Grand Vitara,suzuki.grand_vitara,Grand Vitara,2569-06,2569-06,1,1,DORMANT_LEGACY,hyundai.grand_starex (Grand Starex; overlap 0.33; OTHER BRAND),none (no non-contradictory relation to any TDR model or other Ice group),none,no id_changes event and no R6 redirect,,none fired,0,PROVIDER_IDENTITY,CREATE_IDENTITY / NEW_IDENTITY_CONFIRMED,NEW_IDENTITY_CONFIRMED,,,
ice,nissan-urvan,NISSAN,Nissan Urvan,nissan.urvan,Urvan,2564-01,2567-04,550,0,DORMANT_LEGACY,none above zero overlap,none (no non-contradictory relation to any TDR model or other Ice group),"PROPOSED nissan.terra (NAME, score 0.4)",MERGE:NISSAN|UVL4RDRE26KHE>nissan-urvan; MERGE:NISSAN|URVAN>nissan-urvan; MERGE:NISSAN|UVL4RDRE26KHE A>nissan-urvan; MERGE:NISSAN|UVL4RDRE26KWDDER C>nissan-urvan; MERGE:NISSAN|NISSANURVAN>nissan-urvan; MERGE:NISSAN|URVAN E25>nissan-urvan; R6_REDIRECT:NISSAN|NISSANURVAN>nissan-urvan(MERGE); R6_REDIRECT:NISSAN|URVAN>nissan-urvan(MERGE); R6_REDIRECT:NISSAN|URVAN E25>nissan-urvan(MERGE); R6_REDIRECT:NISSAN|UVL4RDRE26KHE>nissan-urvan(MERGE); R6_REDIRECT:NISSAN|UVL4RDRE26KHE A>nissan-urvan(MERGE); R6_REDIRECT:NISSAN|UVL4RDRE26KWDDER C>nissan-urvan(MERGE),NISSAN|NISSANURVAN|NISSAN|URVAN|NISSAN|URVAN E25|NISSAN|UVL4RDRE26KHE|NISSAN|UVL4RDRE26KHE A|NISSAN|UVL4RDRE26KWDDER C,none fired,0,PROVIDER_IDENTITY,CREATE_IDENTITY / NEW_IDENTITY_CONFIRMED,NEW_IDENTITY_CONFIRMED,,,
ice,sokon-crc50,SOKON,Sokon CRC50,sokon.crc50,CRC50,2564-01,2567-05,101,0,DORMANT_LEGACY,none above zero overlap,none (no non-contradictory relation to any TDR model or other Ice group),"PROPOSED sokon.sokon_ec35 (NAME, score 0.4444)",MERGE:SOKON|CRC5020CLS>sokon-crc50; MERGE:SOKON|CRC5023XXY>sokon-crc50; MERGE:SOKON|CRC5021CLS>sokon-crc50; MERGE:SOKON|CRC5021XXY>sokon-crc50; MERGE:SOKON|CRC5026XXYQ1>sokon-crc50; R6_REDIRECT:SOKON|CRC5020CLS>sokon-crc50(MERGE); R6_REDIRECT:SOKON|CRC5021CLS>sokon-crc50(MERGE); R6_REDIRECT:SOKON|CRC5021XXY>sokon-crc50(MERGE); R6_REDIRECT:SOKON|CRC5023XXY>sokon-crc50(MERGE); R6_REDIRECT:SOKON|CRC5026XXYQ1>sokon-crc50(MERGE),SOKON|CRC5020CLS|SOKON|CRC5021CLS|SOKON|CRC5021XXY|SOKON|CRC5023XXY|SOKON|CRC5026XXYQ1,none fired,0,PROVIDER_IDENTITY,CREATE_IDENTITY / NEW_IDENTITY_CONFIRMED,NEW_IDENTITY_CONFIRMED,SUSPECT_CODE: letters+digits code; may be a real Sokon model code,,
ice,foton-bj1041,FOTON,Foton BJ1041,foton.bj1041,BJ1041,2564-01,2567-11,81,0,DORMANT_LEGACY,none above zero overlap,none (no non-contradictory relation to any TDR model or other Ice group),none,RENAME:FOTON|BJ1041V8JD3 RF>foton-bj1041; R6_REDIRECT:FOTON|BJ1041V8JD3 RF>foton-bj1041(RENAME),FOTON|BJ1041V8JD3 RF,none fired,0,PROVIDER_IDENTITY,CREATE_IDENTITY / NEW_IDENTITY_CONFIRMED,NEW_IDENTITY_CONFIRMED,SUSPECT_CODE: Foton truck chassis code,,
ice,kia-k2500,KIA,Kia K2500,kia.k2500,K2500,2564-01,2567-03,68,0,DORMANT_LEGACY,none above zero overlap,none (no non-contradictory relation to any TDR model or other Ice group),none,MERGE:kia-k2500__provisional>kia-k2500; MERGE:kia-k2500dry-box__provisional>kia-k2500; MERGE:kia-k2500cool-box__provisional>kia-k2500; R6_REDIRECT:kia-k2500__provisional>kia-k2500(MERGE); R6_REDIRECT:kia-k2500cool-box__provisional>kia-k2500(MERGE); R6_REDIRECT:kia-k2500dry-box__provisional>kia-k2500(MERGE),kia-k2500__provisional|kia-k2500cool-box__provisional|kia-k2500dry-box__provisional,none fired,0,PROVIDER_IDENTITY,CREATE_IDENTITY / NEW_IDENTITY_CONFIRMED,NEW_IDENTITY_CONFIRMED,,,
ice,wuling-e10,WULING,Wuling E10,wuling.e10,E10,2568-08,2568-08,50,0,DORMANT_LEGACY,none above zero overlap,none (no non-contradictory relation to any TDR model or other Ice group),none,RENAME:WULING|E10>wuling-e10; R6_REDIRECT:WULING|E10>wuling-e10(RENAME),WULING|E10,none fired,0,PROVIDER_IDENTITY,CREATE_IDENTITY / NEW_IDENTITY_CONFIRMED,NEW_IDENTITY_CONFIRMED,,,
ice,suzuki-apv,SUZUKI,APV,suzuki.apv,APV,2567-02,2567-05,2,0,DORMANT_LEGACY,none above zero overlap,none (no non-contradictory relation to any TDR model or other Ice group),none,no id_changes event and no R6 redirect,,none fired,0,PROVIDER_IDENTITY,CREATE_IDENTITY / NEW_IDENTITY_CONFIRMED,NEW_IDENTITY_CONFIRMED,,,
ice,hyundai-genesis-g80,HYUNDAI,Genesis G80,hyundai.genesis_g80,Genesis G80,2568-01,2568-01,1,0,DORMANT_LEGACY,none above zero overlap,none (no non-contradictory relation to any TDR model or other Ice group),none,no id_changes event and no R6 redirect,,none fired,0,PROVIDER_IDENTITY,CREATE_IDENTITY / NEW_IDENTITY_CONFIRMED,NEW_IDENTITY_CONFIRMED,SUSPECT_BRAND: Genesis is a separate marque filed under Hyundai,,
ice,hyundai-tucson,HYUNDAI,Tucson,hyundai.tucson,Tucson,2565-10,2565-10,1,0,DORMANT_LEGACY,none above zero overlap,none (no non-contradictory relation to any TDR model or other Ice group),none,no id_changes event and no R6 redirect,,none fired,0,PROVIDER_IDENTITY,CREATE_IDENTITY / NEW_IDENTITY_CONFIRMED,NEW_IDENTITY_CONFIRMED,,,
